Lat,Long,Height,Epoch
37.39583805,-122.1031624,-0.225536367,1303770914
37.39583192,-122.1031409,-0.314499693,1303770915
37.39581306,-122.1031397,4.019874099,1303770916
37.3957702,-122.1029107,35.90537868,1303770917
37.39583112,-122.1030908,19.88454995,1303770918
37.39572649,-122.102841,35.78093508,1303770919
37.39573871,-122.1028855,26.97068424,1303770920
37.39575099,-122.1029408,21.63618946,1303770921
37.39579479,-122.1029201,20.8073122,1303770922
37.3957835,-122.1028737,20.30256023,1303770923
37.39581019,-122.1028975,19.45072841,1303770924
37.39585208,-122.1029804,14.61122858,1303770925
37.3958369,-122.1029615,12.77731146,1303770926
37.39582922,-122.1030016,7.601029205,1303770927
37.39582362,-122.1029481,15.2070409,1303770928
37.39584798,-122.1029643,12.44752932,1303770929
37.39583775,-122.1030253,11.17825271,1303770930
37.39579583,-122.1029767,20.71247658,1303770931
37.39580987,-122.102963,19.63153088,1303770932
37.39580437,-122.1030656,11.732634,1303770933
37.3958147,-122.1030707,14.0328251,1303770934
37.39574772,-122.1030155,17.11328746,1303770935
37.39577411,-122.1030511,16.5286489,1303770936
37.39577545,-122.1029796,26.80131054,1303770937
37.39578399,-122.1029316,27.99568676,1303770938
37.39579597,-122.1029009,33.66661123,1303770939
37.39576153,-122.1029742,31.60327982,1303770940
37.39579812,-122.103101,18.98015084,1303770941
37.39574442,-122.1029711,32.11208735,1303770942
37.39572278,-122.102947,34.35994995,1303770943
37.39570288,-122.1029097,32.60213213,1303770944
37.39574501,-122.1029796,27.46932312,1303770945
37.3957434,-122.1029005,28.7258171,1303770946
37.39571608,-122.1028243,32.71839937,1303770947
37.39571484,-122.1028466,28.80095031,1303770948
37.39569975,-122.1028851,36.37487509,1303770949
37.39572977,-122.1028803,35.97974123,1303770950
37.39571872,-122.1029067,39.81047644,1303770951
37.39568805,-122.1029406,41.43898091,1303770952
37.39567676,-122.1029007,49.16633367,1303770953
37.39569152,-122.1028821,43.46774751,1303770954
37.39564684,-122.1029433,44.94785915,1303770955
37.39567301,-122.1028592,38.97978606,1303770956
37.39567572,-122.1029229,31.98720495,1303770957
37.39569897,-122.1028753,32.75149776,1303770958
37.39566087,-122.1028796,34.72105075,1303770959
37.3956686,-122.1028549,31.61654545,1303770960
37.39569566,-122.1028874,31.33394543,1303770961
37.39572896,-122.1029185,32.5825389,1303770962
37.39573788,-122.1028857,28.11738973,1303770963
37.39575491,-122.1029595,34.50730534,1303770964
37.39576038,-122.1029931,39.14963037,1303770965
37.39572858,-122.1029809,37.8547543,1303770966
37.39573126,-122.1030149,37.51353807,1303770967
37.39570988,-122.1030349,35.78172096,1303770968
37.39571762,-122.1030241,34.51138234,1303770969
37.39575774,-122.1030492,31.43356967,1303770970
37.39575744,-122.1031076,30.04775895,1303770971
37.39575495,-122.1031189,31.36603427,1303770972
37.39577383,-122.103079,32.26281961,1303770973
37.39577275,-122.1030929,39.06366342,1303770974
37.39580742,-122.1031311,41.75993816,1303770975
37.39578246,-122.1030923,47.77589259,1303770976
37.39578872,-122.1030792,54.51501129,1303770977
37.39574934,-122.1030925,55.31986356,1303770978
37.39571797,-122.1030041,59.39300081,1303770979
37.39573758,-122.1030258,54.99920444,1303770980
37.39568403,-122.1030031,58.38098545,1303770981
37.39572789,-122.1029732,56.63233826,1303770982
37.39572312,-122.1030957,61.29620627,1303770983
37.39571289,-122.1030854,54.06974662,1303770984
37.39570282,-122.1030551,59.47912065,1303770985
37.39567505,-122.1030711,54.43040243,1303770986
37.39568313,-122.1031684,47.17782662,1303770987
37.39573329,-122.1032272,40.80468873,1303770988
37.39572558,-122.1032111,44.60639897,1303770989
37.39571845,-122.1031485,42.00351406,1303770990
37.39568967,-122.1030517,48.85892996,1303770991
37.39570682,-122.1030949,48.26294552,1303770992
37.39568896,-122.1031062,56.56752496,1303770993
37.39567306,-122.1030058,52.73230239,1303770994
37.39564947,-122.103025,52.10025861,1303770995
37.39564715,-122.1030778,54.03776479,1303770996
37.39569983,-122.1031095,51.50289027,1303770997
37.39566766,-122.1030639,58.36850495,1303770998
37.39568851,-122.1031265,50.87652561,1303770999
37.39570834,-122.1030195,53.24659164,1303771000
37.39580464,-122.1030107,18.77904004,1303771001
37.39580284,-122.1029412,22.58847403,1303771002
37.39583788,-122.1029781,24.22212432,1303771003
37.39583078,-122.1029749,28.57066534,1303771004
37.39565926,-122.1027924,62.3686247,1303771005
37.39573886,-122.1029244,43.28318846,1303771006
37.3956817,-122.1028009,54.6312766,1303771007
37.39579627,-122.1028876,22.99402353,1303771008
37.39579709,-122.1030085,33.71890033,1303771009
37.3958091,-122.1029516,32.55736569,1303771010
37.39578022,-122.1029435,38.06682315,1303771011
37.39580719,-122.1029951,29.65964683,1303771012
37.39578626,-122.1030455,29.61460367,1303771013
37.39580686,-122.1029887,22.07132481,1303771014
37.39578754,-122.1030147,32.77528082,1303771015
37.39581324,-122.1030278,33.70511464,1303771016
37.39584594,-122.1030253,26.81691158,1303771017
37.39582866,-122.103038,30.5921165,1303771018
37.39579225,-122.1030415,29.29533452,1303771019
37.39575583,-122.1029809,36.13474727,1303771020
37.39574668,-122.1029653,33.79335396,1303771021
37.39573605,-122.1028959,35.37971564,1303771022
37.39571318,-122.1029404,44.10578061,1303771023
37.3956753,-122.1028645,44.35694174,1303771024
37.39565704,-122.1028747,50.69477282,1303771025
37.39564978,-122.1027913,57.73579123,1303771026
37.39562159,-122.1027362,64.94598147,1303771027
37.39563613,-122.1027617,66.45941124,1303771028
37.39560816,-122.1027199,69.66572838,1303771029
37.39562713,-122.1027422,62.85824353,1303771030
37.39561212,-122.1027278,57.00237806,1303771031
37.39567094,-122.1027256,48.17330839,1303771032
37.39567423,-122.102728,38.54966514,1303771033
37.39573266,-122.102839,30.98129338,1303771034
37.39571497,-122.1029602,19.53479192,1303771035
37.39567221,-122.102974,22.87379248,1303771036
37.39560116,-122.1030142,17.61700692,1303771037
37.39553765,-122.1030161,25.78913882,1303771038
37.39560107,-122.1030668,29.8253963,1303771039
37.39558274,-122.1030966,23.1655996,1303771040
37.39551213,-122.1031621,24.58546689,1303771041
37.39543505,-122.1032232,26.03460838,1303771042
37.39536017,-122.1032542,24.25170032,1303771043
37.39529447,-122.1032362,19.89395023,1303771044
37.3952372,-122.1032627,33.2934376,1303771045
37.39533719,-122.103009,-7.401643258,1303771046
37.39519218,-122.1032031,52.48703292,1303771047
37.39514434,-122.1032072,68.01527941,1303771048
37.3952006,-122.1029433,21.69784453,1303771049
37.39517124,-122.1028837,23.83929486,1303771050
37.39513829,-122.1028341,20.86476625,1303771051
37.39507847,-122.1027935,20.49548506,1303771052
37.3950395,-122.102799,31.55330349,1303771053
37.39497234,-122.1026484,39.05014503,1303771054
37.39492702,-122.1026153,24.56175288,1303771055
37.39491922,-122.1025108,25.46777134,1303771056
37.39480904,-122.1023862,23.94108573,1303771057
37.3948616,-122.1022564,30.66608891,1303771058
37.39476884,-122.1022074,43.90215385,1303771059
37.39472361,-122.1021203,37.85319984,1303771060
37.39464056,-122.1020951,37.37466434,1303771061
37.39475921,-122.1019889,28.53612653,1303771062
37.39481562,-122.101886,27.66283574,1303771063
37.39487911,-122.1018505,25.5476647,1303771064
37.39490815,-122.101759,27.7683402,1303771065
37.39495885,-122.101753,20.65603257,1303771066
37.39499343,-122.1016689,27.35033721,1303771067
37.39503201,-122.1015759,35.0891722,1303771068
37.39513526,-122.1016898,24.71910577,1303771069
37.39517513,-122.1015351,27.27404688,1303771070
37.39523025,-122.1014953,16.55923766,1303771071
37.39528836,-122.1014891,19.45645212,1303771072
37.39529434,-122.101451,21.6993014,1303771073
37.39525169,-122.1014634,17.34736596,1303771074
37.39527968,-122.101441,20.69519934,1303771075
37.3953057,-122.1013952,22.24884942,1303771076
37.395285,-122.1013719,24.97870821,1303771077
37.39528637,-122.101373,26.58920035,1303771078
37.39528884,-122.1014287,28.01231884,1303771079
37.3952579,-122.1013978,27.84355226,1303771080
37.39528779,-122.1013343,25.82297755,1303771081
37.39530948,-122.1013359,29.96595809,1303771082
37.39533666,-122.1013114,34.54402551,1303771083
37.3953428,-122.1012882,31.92547662,1303771084
37.39531928,-122.1012883,34.14267628,1303771085
37.39534247,-122.1013157,30.23949297,1303771086
37.39533081,-122.1013104,31.34796593,1303771087
37.39531471,-122.1013479,30.46445049,1303771088
37.39531386,-122.1012911,32.07165175,1303771089
37.39532374,-122.1012561,28.11999093,1303771090
37.395362,-122.1012537,29.47460832,1303771091
37.39536228,-122.1013539,30.04982445,1303771092
37.39533921,-122.1013599,22.97877478,1303771093
37.39536436,-122.1012699,27.06295407,1303771094
37.39533736,-122.1013043,30.83291255,1303771095
37.39527787,-122.1013542,17.96058742,1303771096
37.39534454,-122.1013367,21.56953919,1303771097
37.39531502,-122.1014348,14.30355943,1303771098
37.39531834,-122.101467,17.10390938,1303771099
37.39530711,-122.1014274,14.63731681,1303771100
37.39523437,-122.1013835,10.46274954,1303771101
37.39529433,-122.1013983,16.33268591,1303771102
37.39529553,-122.1014125,12.32604326,1303771103
37.39532655,-122.1013908,19.33851721,1303771104
37.39529626,-122.1013999,16.64522192,1303771105
37.39529888,-122.1013866,12.48823543,1303771106
37.39532292,-122.1013359,12.03393131,1303771107
37.39531035,-122.1013914,13.62798594,1303771108
37.39531353,-122.1013951,13.73666715,1303771109
37.39525843,-122.1014144,14.00015262,1303771110
37.39533246,-122.1014025,21.59227513,1303771111
37.39531688,-122.1014245,22.59222253,1303771112
37.3953139,-122.101425,26.21916645,1303771113
37.39531146,-122.1014267,23.90913414,1303771114
37.39525862,-122.10142,23.77314464,1303771115
37.39528833,-122.1014788,25.7488218,1303771116
37.3953159,-122.1015296,28.67577465,1303771117
37.39530825,-122.1015648,30.78227975,1303771118
37.39535066,-122.1015072,24.12576,1303771119
37.39532901,-122.101474,22.64920688,1303771120
37.39532615,-122.1014464,25.46147239,1303771121
37.39532372,-122.1014344,30.60589999,1303771122
37.39529454,-122.1014822,25.66892227,1303771123
37.39537732,-122.1012981,36.84233327,1303771124
37.39534604,-122.1013174,32.28513311,1303771125
37.39529469,-122.1012787,26.52063369,1303771126
37.39529455,-122.1012359,27.13974677,1303771127
37.39527839,-122.1011769,32.3581156,1303771128
37.39523027,-122.1010965,35.8309641,1303771129
37.39514505,-122.1010057,31.5183572,1303771130
37.39509291,-122.1008657,31.344655,1303771131
37.39501784,-122.1007514,28.01803131,1303771132
37.39496702,-122.1006251,29.08590758,1303771133
37.39484515,-122.1005014,17.71522773,1303771134
37.39485618,-122.1003242,26.19517946,1303771135
37.39479553,-122.1001627,23.10879322,1303771136
37.39475221,-122.0999249,17.46963771,1303771137
37.39471322,-122.0998301,24.88873679,1303771138
37.39460246,-122.0997661,27.73040269,1303771139
37.39456876,-122.0995574,30.90915453,1303771140
37.39447307,-122.0993901,31.90833174,1303771141
37.39439999,-122.0992131,24.30214615,1303771142
37.39426544,-122.099072,27.86992247,1303771143
37.39431131,-122.0989025,21.11211674,1303771144
37.39425235,-122.0987505,19.75423679,1303771145
37.39421142,-122.0985521,14.27909173,1303771146
37.39408864,-122.0984353,13.67596395,1303771147
37.39405972,-122.0982965,12.41606919,1303771148
37.39394095,-122.0982379,19.21721103,1303771149
37.39390701,-122.0981114,17.75935221,1303771150
37.39388397,-122.0980239,17.12765858,1303771151
37.39376495,-122.0979642,23.21822536,1303771152
37.39370718,-122.0978254,25.24479887,1303771153
37.3936151,-122.0978434,31.45765196,1303771154
37.39360618,-122.0977591,38.80607038,1303771155
37.39360495,-122.0977181,33.77735051,1303771156
37.39357843,-122.0977093,31.49657796,1303771157
37.39360179,-122.0976889,27.12527054,1303771158
37.39351336,-122.0976253,38.65917084,1303771159
37.39354877,-122.0975729,36.53917652,1303771160
37.3935674,-122.0975216,33.86761984,1303771161
37.39359563,-122.097494,27.9541728,1303771162
37.39349483,-122.0975619,25.72270785,1303771163
37.39351855,-122.0973861,24.45400417,1303771164
37.39350496,-122.0973217,28.69486604,1303771165
37.39338799,-122.0973072,32.35108109,1303771166
37.39336997,-122.0972122,21.5449653,1303771167
37.39333255,-122.0971308,16.45089713,1303771168
37.39330622,-122.0971052,16.78313863,1303771169
37.39324712,-122.0970132,19.23712357,1303771170
37.39321745,-122.0969621,25.32081268,1303771171
37.39317217,-122.0968822,23.02039826,1303771172
37.39309061,-122.0968043,30.95694192,1303771173
37.39302896,-122.0968401,41.06750565,1303771174
37.39301065,-122.0967407,40.09981806,1303771175
37.39297582,-122.0966487,37.35359892,1303771176
37.39287234,-122.0965778,40.44057752,1303771177
37.39280333,-122.0965229,37.9497177,1303771178
37.39278498,-122.0964359,37.33122231,1303771179
37.3927362,-122.0963611,27.10565686,1303771180
37.39267403,-122.0962934,26.21159114,1303771181
37.39261749,-122.0961889,19.58257769,1303771182
37.39256159,-122.0961234,19.53045444,1303771183
37.39250556,-122.0960611,19.6093718,1303771184
37.39247579,-122.0960494,25.85993565,1303771185
37.39241267,-122.0959902,24.08792794,1303771186
37.39237074,-122.0958298,19.15021647,1303771187
37.39227945,-122.0957495,13.12515713,1303771188
37.39222738,-122.0956422,15.04601037,1303771189
37.39217523,-122.095615,18.69278322,1303771190
37.3920924,-122.0955124,13.85473584,1303771191
37.39204041,-122.0954341,14.8053604,1303771192
37.39192033,-122.0953781,18.34066536,1303771193
37.39185848,-122.0953045,14.80608785,1303771194
37.39177212,-122.0952449,20.34955713,1303771195
37.39165632,-122.0951662,13.61139537,1303771196
37.39155821,-122.0950573,11.00905825,1303771197
37.39146834,-122.0949397,5.619857669,1303771198
37.39136632,-122.0948452,5.190482303,1303771199
37.39132122,-122.0947308,9.956426931,1303771200
37.39121317,-122.0947305,18.18619662,1303771201
37.39116966,-122.0946117,16.18695718,1303771202
37.39109016,-122.0945062,18.52061122,1303771203
37.39095709,-122.0944415,15.69993154,1303771204
37.39088222,-122.0943714,20.56759337,1303771205
37.39082431,-122.0941989,15.61426148,1303771206
37.3907461,-122.0940855,19.08647437,1303771207
37.39063924,-122.0939645,21.20624301,1303771208
37.39050939,-122.093967,31.29848436,1303771209
37.39050818,-122.0938412,39.14376356,1303771210
37.39057918,-122.093665,51.48933472,1303771211
37.39033604,-122.0935952,30.54177211,1303771212
37.39033103,-122.093422,31.63131503,1303771213
37.39014472,-122.0934105,44.97056168,1303771214
37.39008107,-122.0932687,47.91081725,1303771215
37.39005366,-122.0931155,48.32812444,1303771216
37.39001553,-122.0928709,56.62381465,1303771217
37.38997409,-122.0927636,44.9554032,1303771218
37.38989164,-122.0925793,40.5147423,1303771219
37.38984906,-122.0925442,40.05279035,1303771220
37.3897516,-122.0924565,42.07364724,1303771221
37.38966922,-122.0923861,49.91074524,1303771222
37.38965047,-122.0922176,35.55299788,1303771223
37.38954957,-122.0920949,35.97396801,1303771224
37.38949676,-122.0919479,42.72022976,1303771225
37.38944066,-122.091751,46.1056857,1303771226
37.38939411,-122.0916193,43.27696893,1303771227
37.38929488,-122.0914415,44.33070693,1303771228
37.38923171,-122.0914059,31.93593742,1303771229
37.38917748,-122.0913097,30.66161766,1303771230
37.38911229,-122.0911561,32.72602378,1303771231
37.3890506,-122.0910151,39.69525646,1303771232
37.3889972,-122.0909088,32.05576969,1303771233
37.38894203,-122.0907627,30.08064999,1303771234
37.38890214,-122.0906857,30.205721,1303771235
37.38886917,-122.0905753,32.7594833,1303771236
37.38882742,-122.0903915,30.13200005,1303771237
37.3887558,-122.0902884,29.54152525,1303771238
37.38865951,-122.0902949,34.14169299,1303771239
37.38862288,-122.0901661,38.48901148,1303771240
37.38859118,-122.0900569,34.92599723,1303771241
37.38855774,-122.0898877,36.05021972,1303771242
37.38849982,-122.0897942,22.22786474,1303771243
37.38842818,-122.0896303,24.27353778,1303771244
37.3883652,-122.0896139,34.33042665,1303771245
37.38833819,-122.0895556,30.80193751,1303771246
37.38828729,-122.0894255,35.29865126,1303771247
37.388185,-122.0893871,42.21945766,1303771248
37.38819882,-122.0892775,32.6589956,1303771249
37.38814679,-122.0892847,34.57834202,1303771250
37.38812053,-122.0892988,37.70807782,1303771251
37.3881239,-122.089216,37.23927862,1303771252
37.38818487,-122.0890986,33.13476843,1303771253
37.38818687,-122.0891355,36.26615722,1303771254
37.38809658,-122.0891045,45.61302633,1303771255
37.38808833,-122.0890426,42.63513763,1303771256
37.38814272,-122.0890117,34.52099372,1303771257
37.38810707,-122.0890678,37.85819565,1303771258
37.3880864,-122.0892095,47.1864193,1303771259
37.38812079,-122.089178,45.93796816,1303771260
37.38812809,-122.0890852,35.76272721,1303771261
37.3881163,-122.0890961,37.97615996,1303771262
37.38805041,-122.0892496,51.23217696,1303771263
37.38811085,-122.089152,36.80816824,1303771264
37.38810888,-122.0892088,41.97176317,1303771265
37.38805615,-122.0892464,38.34895962,1303771266
37.38805061,-122.0892092,29.99448077,1303771267
37.38802492,-122.089241,37.09838143,1303771268
37.38807506,-122.0892626,49.31786769,1303771269
37.38812922,-122.0891841,48.36138633,1303771270
37.38817452,-122.0891226,44.04728157,1303771271
37.38811167,-122.0892535,55.61283976,1303771272
37.38817151,-122.0891594,56.30664068,1303771273
37.38814229,-122.0891644,51.49371471,1303771274
37.38813295,-122.0890656,31.33753362,1303771275
37.38811883,-122.0889794,13.33098424,1303771276
37.38811545,-122.0891091,28.33799379,1303771277
37.38811313,-122.0891007,22.45102505,1303771278
37.38813997,-122.0890457,19.8759695,1303771279
37.38804525,-122.0891752,23.9176226,1303771280
37.38814163,-122.0890543,34.22107914,1303771281
37.38806499,-122.0891587,39.26299433,1303771282
37.38804864,-122.0890166,30.60734684,1303771283
37.3879445,-122.0890656,41.42959183,1303771284
37.38795941,-122.0888446,33.5188966,1303771285
37.38790629,-122.0887405,27.62668359,1303771286
37.38779289,-122.0887695,44.96929706,1303771287
37.38774921,-122.0887044,47.20656857,1303771288
37.38770505,-122.0884143,24.8207602,1303771289
37.38768687,-122.0883258,29.69401957,1303771290
37.38762571,-122.0881763,19.80203898,1303771291
37.38762079,-122.0880717,22.28058631,1303771292
37.38755197,-122.0879323,15.65671279,1303771293
37.38749418,-122.0877922,19.74468319,1303771294
37.38743306,-122.0876747,26.71198116,1303771295
37.38724738,-122.0876327,23.74599432,1303771296
37.38718294,-122.0874802,27.62607533,1303771297
37.38710874,-122.0873347,26.71126108,1303771298
37.38711361,-122.0870874,27.12413242,1303771299
37.38709472,-122.0869553,31.69496775,1303771300
37.38702236,-122.0867326,18.27170117,1303771301
37.38698405,-122.0865912,21.15379086,1303771302
37.38690327,-122.0865094,23.90998093,1303771303
37.38680036,-122.0864141,28.2265723,1303771304
37.38674342,-122.0863234,32.80084593,1303771305
37.38663451,-122.0861636,32.36256928,1303771306
37.38656306,-122.0860392,33.57775975,1303771307
37.38653341,-122.0858472,31.62320062,1303771308
37.38650197,-122.085734,34.03625927,1303771309
37.38645787,-122.0856154,28.65848339,1303771310
37.38640163,-122.0855025,23.25831739,1303771311
37.38634914,-122.0854263,29.86723328,1303771312
37.3862757,-122.0853355,26.70133047,1303771313
37.38611484,-122.0853708,54.4761979,1303771314
37.38605286,-122.085311,65.20630015,1303771315
37.3860721,-122.0851851,51.91274102,1303771316
37.38604689,-122.0850697,41.76168831,1303771317
37.38611642,-122.0848811,24.83411987,1303771318
37.38610118,-122.0848949,38.34799454,1303771319
37.38606536,-122.0848647,65.24073181,1303771320
37.38615673,-122.084715,60.93262328,1303771321
37.38612101,-122.0847092,70.70510828,1303771322
37.38606863,-122.0847725,71.6425434,1303771323
37.38608985,-122.0848259,68.75605934,1303771324
37.38611604,-122.0848675,58.50626903,1303771325
37.38610469,-122.0848293,46.43985055,1303771326
37.38611165,-122.0848306,45.46670109,1303771327
37.38617094,-122.0848828,38.82184481,1303771328
37.38615492,-122.0848027,41.14157107,1303771329
37.38616456,-122.0848111,38.83299615,1303771330
37.38616503,-122.0848134,37.07173664,1303771331
37.38613619,-122.0847439,39.87226564,1303771332
37.38607576,-122.0847024,51.16147721,1303771333
37.38599458,-122.0846182,68.85095991,1303771334
37.38607155,-122.0846479,67.77771563,1303771335
37.38605556,-122.0846476,79.49448247,1303771336
37.38606703,-122.0847534,73.76753917,1303771337
37.38595599,-122.0849742,26.85998696,1303771338
37.38598038,-122.0849797,27.74000882,1303771339
37.38602122,-122.0849123,38.86164383,1303771340
37.38589185,-122.084718,70.65286445,1303771341
37.38605452,-122.0849023,46.29885604,1303771342
37.38608297,-122.0849757,41.42287538,1303771343
37.38608496,-122.0848723,49.43241316,1303771344
37.38609113,-122.0847129,54.67040418,1303771345
37.38609769,-122.084629,60.12849386,1303771346
37.3861132,-122.0846927,60.43989247,1303771347
37.38614723,-122.0847539,53.15207794,1303771348
37.38613775,-122.0847024,60.85282177,1303771349
37.38614214,-122.0846989,61.70526326,1303771350
37.38621207,-122.0847467,48.43841108,1303771351
37.38619246,-122.0846818,52.23467382,1303771352
37.38617617,-122.0847232,60.44326225,1303771353
37.38617821,-122.0846969,55.57248137,1303771354
37.38614359,-122.0846722,64.03191866,1303771355
37.3860954,-122.0847211,70.36679264,1303771356
37.3860693,-122.0847566,69.53974723,1303771357
37.38611588,-122.0847408,67.71225023,1303771358
37.3860835,-122.0847387,60.22658474,1303771359
37.38609957,-122.0847056,59.11968083,1303771360
37.38611427,-122.0847386,56.85389908,1303771361
37.38609709,-122.0848113,55.34512676,1303771362
37.38608233,-122.0847314,45.87575721,1303771363
37.38609142,-122.0847856,53.43608633,1303771364
37.38610907,-122.0847719,56.3984776,1303771365
37.38608931,-122.0847765,59.92411625,1303771366
37.38611773,-122.0847319,52.96282097,1303771367
37.38612219,-122.0846921,53.25141187,1303771368
37.38619073,-122.0846059,48.32287249,1303771369
37.3861827,-122.0846256,54.33834769,1303771370
37.38614879,-122.0845952,62.26065075,1303771371
37.38615204,-122.084766,60.65832658,1303771372
37.38613548,-122.0847523,62.10666517,1303771373
37.38614808,-122.0846517,49.48341522,1303771374
37.38610586,-122.0846463,52.36134572,1303771375
37.38611114,-122.0846608,57.17052248,1303771376
37.38606385,-122.0847466,74.95555744,1303771377
37.38613517,-122.0846915,68.0918352,1303771378
37.38613567,-122.084776,76.0545513,1303771379
37.38617593,-122.0847248,75.59969824,1303771380
37.38622828,-122.0847418,79.34351961,1303771381
37.38608817,-122.0847496,83.65185495,1303771382
37.38608552,-122.0847348,69.32848406,1303771383
37.3860886,-122.0847118,50.45242742,1303771384
37.3860765,-122.0846528,64.79490619,1303771385
37.38609108,-122.0845711,67.57130497,1303771386
37.38606156,-122.0845545,73.08725484,1303771387
37.38589753,-122.0840797,87.06017914,1303771388
37.38599664,-122.0842581,71.82615344,1303771389
37.38597638,-122.0842458,70.68124143,1303771390
37.38567611,-122.0842278,16.30600553,1303771391
37.38568335,-122.0841135,23.80063771,1303771392
37.38555131,-122.0840868,36.91135014,1303771393
37.38552871,-122.0839275,39.69359706,1303771394
37.3854541,-122.0837225,32.92037951,1303771395
37.38540005,-122.0835441,36.44497597,1303771396
37.38534522,-122.0834155,37.23116801,1303771397
37.3852544,-122.0833506,49.23059713,1303771398
37.38518758,-122.0832297,50.36447832,1303771399
37.38515512,-122.0830349,44.00273183,1303771400
37.38501581,-122.08308,55.0820855,1303771401
37.38502541,-122.0828965,31.8230364,1303771402
37.38491767,-122.0827349,41.72277405,1303771403
37.38488179,-122.0825852,35.22905224,1303771404
37.38480651,-122.0825037,31.57009831,1303771405
37.38482581,-122.082303,34.60448451,1303771406
37.38478946,-122.0821233,32.33862171,1303771407
37.38472111,-122.082036,31.93987487,1303771408
37.38465826,-122.0819203,28.37182661,1303771409
37.38458943,-122.0817048,12.34147749,1303771410
37.38458815,-122.0815566,29.63817213,1303771411
37.38455396,-122.0814555,33.76643809,1303771412
37.38440059,-122.0811817,2.096999436,1303771413
37.38438754,-122.0811501,24.89490901,1303771414
37.38433615,-122.0811183,33.27143458,1303771415
37.38425117,-122.0809303,12.48766814,1303771416
37.38421984,-122.0807854,13.49197124,1303771417
37.38413983,-122.0807014,18.03588997,1303771418
37.38416166,-122.0806236,36.22633564,1303771419
37.38407005,-122.0804316,27.35952504,1303771420
37.383932,-122.0803086,27.4648833,1303771421
37.38389343,-122.0800557,22.98794158,1303771422
37.38377567,-122.0801522,38.46448665,1303771423
37.383665,-122.0800084,26.44075974,1303771424
37.38362248,-122.0799386,43.3679171,1303771425
37.38356809,-122.0797583,39.28702442,1303771426
37.38350275,-122.0796698,52.71150538,1303771427
37.38349239,-122.079566,50.76102006,1303771428
37.38342491,-122.0794607,53.89300841,1303771429
37.38334304,-122.0793214,45.8189563,1303771430
37.38330194,-122.079243,34.31187031,1303771431
37.38324918,-122.0792096,37.39799936,1303771432
37.38322648,-122.0791964,53.40730149,1303771433
37.38313531,-122.079035,59.07920035,1303771434
37.38319181,-122.0789831,44.82484601,1303771435
37.3831415,-122.0789726,46.58207893,1303771436
37.38316311,-122.0789058,48.3395885,1303771437
37.38309211,-122.0789776,51.48837162,1303771438
37.38309381,-122.0790165,59.22590239,1303771439
37.38307049,-122.0790168,60.19338762,1303771440
37.38310808,-122.0789754,54.82103018,1303771441
37.38308688,-122.0790222,69.74332121,1303771442
37.38314924,-122.0789745,58.0976493,1303771443
37.38318863,-122.0789522,55.21774093,1303771444
37.3831773,-122.0789371,52.90357734,1303771445
37.38322795,-122.0789068,51.75120602,1303771446
37.38319156,-122.0789296,53.95173721,1303771447
37.38319087,-122.0789082,46.86180386,1303771448
37.38314417,-122.0789782,54.71916613,1303771449
37.38317925,-122.07895,53.35087975,1303771450
37.38319387,-122.0789369,40.54238898,1303771451
37.3831667,-122.0789306,42.43056906,1303771452
37.38317315,-122.0789155,43.58682557,1303771453
37.38313952,-122.078928,50.46889729,1303771454
37.38319769,-122.078929,44.91734291,1303771455
37.38314669,-122.0789718,51.44650439,1303771456
37.38315776,-122.0789259,43.74152569,1303771457
37.38316162,-122.0788206,29.19918586,1303771458
37.38317558,-122.0788174,26.74568704,1303771459
37.38321464,-122.0787951,26.1863036,1303771460
37.38320498,-122.0788019,28.64789033,1303771461
37.38317582,-122.0788729,29.19192301,1303771462
37.38313297,-122.0789672,45.03581892,1303771463
37.38310512,-122.0789803,56.13249543,1303771464
37.38307415,-122.0789912,64.09867152,1303771465
37.38309171,-122.0789851,53.96047355,1303771466
37.38307776,-122.0789355,51.35205012,1303771467
37.38309128,-122.0786387,29.28050348,1303771468
37.38308157,-122.0785514,26.33280803,1303771469
37.38303539,-122.0784971,25.08645128,1303771470
37.38297668,-122.0784796,34.89940525,1303771471
37.3829118,-122.07846,42.3935094,1303771472
37.38279247,-122.0784541,53.32185462,1303771473
37.38277444,-122.0782586,44.71261848,1303771474
37.38278403,-122.0782037,42.08157696,1303771475
37.38275725,-122.0781826,48.21035431,1303771476
37.38272944,-122.0781828,50.29219117,1303771477
37.38281322,-122.0779886,39.07266582,1303771478
37.38277998,-122.0779777,35.22370227,1303771479
37.38279308,-122.0779927,34.68928307,1303771480
37.38263254,-122.078342,68.74186921,1303771481
37.38259773,-122.0784078,76.96712675,1303771482
37.38256293,-122.0784327,79.92919948,1303771483
37.38256254,-122.0783641,68.29050232,1303771484
37.3825788,-122.0784059,69.12686598,1303771485
37.38253173,-122.0785343,89.18613123,1303771486
37.38251537,-122.0784909,80.91467533,1303771487
37.38252583,-122.0783472,66.08304089,1303771488
37.38259151,-122.0782341,58.88453193,1303771489
37.38268895,-122.078134,53.68927315,1303771490
37.38271467,-122.0780995,51.44891915,1303771491
37.38271839,-122.0779396,45.97253064,1303771492
37.38275535,-122.0778158,29.2156189,1303771493
37.38276407,-122.0778424,25.36890858,1303771494
37.38271157,-122.0779999,44.1572963,1303771495
37.38272999,-122.078092,56.23201219,1303771496
37.38272003,-122.0781519,65.85473628,1303771497
37.38271241,-122.0781619,67.85210259,1303771498
37.38271966,-122.0779928,54.0762345,1303771499
37.38271693,-122.0778277,44.02685671,1303771500
37.38273761,-122.0779103,47.20544975,1303771501
37.38276097,-122.0779381,47.68280913,1303771502
37.3827249,-122.0779851,53.978096,1303771503
37.38274868,-122.0779973,58.19639705,1303771504
37.38271288,-122.0780505,62.34244958,1303771505
37.38261799,-122.0782951,73.49282055,1303771506
37.38263746,-122.0783154,80.19652437,1303771507
37.38263411,-122.0783492,78.07999978,1303771508
37.3826561,-122.0783075,73.76349311,1303771509
37.38271067,-122.0782851,75.57773486,1303771510
37.38274427,-122.0782969,82.67070767,1303771511
37.38272801,-122.0783323,82.06475115,1303771512
37.38271618,-122.0782811,76.70420479,1303771513
37.38271426,-122.0783374,82.94234323,1303771514
37.38265867,-122.0782806,67.74717971,1303771515
37.38264422,-122.0782386,53.69775121,1303771516
37.38267292,-122.0782032,60.26288638,1303771517
37.38272715,-122.0782464,56.80324173,1303771518
37.38278227,-122.0781892,54.62099208,1303771519
37.38274535,-122.078156,59.09586551,1303771520
37.38278416,-122.0780313,48.2446642,1303771521
37.38274536,-122.0779489,38.57459827,1303771522
37.38274827,-122.0778918,44.29432249,1303771523
37.38272135,-122.0777478,39.01804209,1303771524
37.38269555,-122.0776421,43.10367798,1303771525
37.38275286,-122.0775415,27.26162534,1303771526
37.38283555,-122.0774593,29.58935108,1303771527
37.38294309,-122.0773849,10.10405567,1303771528
37.38299019,-122.0773071,9.444099228,1303771529
37.38304375,-122.0773162,12.17608418,1303771530
37.38316562,-122.0772805,19.68755639,1303771531
37.38322864,-122.0771882,21.35464342,1303771532
37.38333158,-122.0770504,19.51614502,1303771533
37.38343651,-122.0770079,23.95138903,1303771534
37.38354483,-122.0769784,24.59451681,1303771535
37.38363906,-122.0768637,18.27365525,1303771536
37.38364456,-122.0767993,20.8410701,1303771537
37.38374388,-122.0767283,30.63918907,1303771538
37.38384183,-122.0766689,29.78343268,1303771539
37.38392632,-122.0765893,32.64263207,1303771540
37.38402766,-122.0765596,22.39752927,1303771541
37.38411913,-122.0764966,30.13645259,1303771542
37.38421716,-122.076425,28.21354294,1303771543
37.38427331,-122.0763365,30.64816778,1303771544
37.38438349,-122.0763223,20.22149839,1303771545
37.38445179,-122.0762245,20.08029372,1303771546
37.3845574,-122.0761735,20.76622042,1303771547
37.38464255,-122.0760851,17.24325332,1303771548
37.38474168,-122.0760839,16.44050743,1303771549
37.38477284,-122.076029,12.17141066,1303771550
37.3848612,-122.0760092,18.031207,1303771551
37.38487629,-122.0759498,17.36861074,1303771552
37.38488411,-122.0758685,20.93573587,1303771553
37.38491483,-122.0758792,15.96990882,1303771554
37.38491899,-122.075846,16.10081375,1303771555
37.38495672,-122.0758523,17.16485004,1303771556
37.38495751,-122.07579,16.50854364,1303771557
37.38500502,-122.0757982,21.3798208,1303771558
37.38502986,-122.0758127,23.25510808,1303771559
37.3850355,-122.0757595,19.90772205,1303771560
37.385087,-122.0756971,9.827204955,1303771561
37.38516856,-122.0758287,32.05278231,1303771562
37.38521207,-122.075888,21.21036045,1303771563
37.38520746,-122.076009,19.26197719,1303771564
37.38531956,-122.076046,23.73881764,1303771565
37.38534128,-122.0761259,19.66354921,1303771566
37.38537519,-122.0762944,21.68926264,1303771567
37.38542016,-122.0763888,20.85286537,1303771568
37.38548457,-122.0764579,21.18307813,1303771569
37.38551304,-122.0765288,24.32570175,1303771570
37.38556598,-122.0766245,26.26716553,1303771571
37.38555542,-122.0766613,14.6545325,1303771572
37.38561339,-122.0767183,19.53613051,1303771573
37.38561988,-122.0768245,24.57642747,1303771574
37.38563013,-122.0768746,26.21900427,1303771575
37.38555947,-122.0769643,34.19327984,1303771576
37.38549444,-122.0769991,34.6125193,1303771577
37.38533215,-122.0770567,33.57390887,1303771578
37.38528604,-122.0771711,42.19474795,1303771579
37.38521526,-122.0772444,34.86383564,1303771580
37.38513048,-122.0773148,28.85758417,1303771581
37.38507817,-122.0772967,40.37703517,1303771582
37.38499519,-122.0773267,35.85322273,1303771583
37.38488755,-122.0774543,26.20784396,1303771584
37.38480165,-122.077523,23.8216852,1303771585
37.38469601,-122.0776199,23.63369818,1303771586
37.38459889,-122.0776737,31.4662052,1303771587
37.38448993,-122.0777228,33.22629791,1303771588
37.3843817,-122.077768,33.82769487,1303771589
37.38431307,-122.0778644,19.10019619,1303771590
37.38420604,-122.0779381,26.70576784,1303771591
37.38408646,-122.0779884,27.60627806,1303771592
37.38401152,-122.0780488,27.24483138,1303771593
37.3839383,-122.0780931,22.313947,1303771594
37.38386603,-122.0780898,19.5081934,1303771595
37.38377657,-122.0781817,20.89884264,1303771596
37.38373203,-122.0782764,18.25944818,1303771597
37.38362126,-122.0783068,18.83667562,1303771598
37.38357767,-122.0783388,30.00111829,1303771599
37.38349753,-122.0784254,27.64597924,1303771600
37.3834272,-122.0785395,30.80554296,1303771601
37.38339029,-122.0785204,25.66340028,1303771602
37.38335526,-122.0785779,29.33698686,1303771603
37.3833591,-122.0786275,26.79250018,1303771604
37.38339928,-122.0786522,26.84523301,1303771605
37.38333166,-122.0786242,27.7652981,1303771606
37.38325528,-122.0787273,35.26743617,1303771607
37.38333694,-122.0787977,30.20438098,1303771608
37.38341827,-122.0788548,30.14113491,1303771609
37.38345695,-122.0789778,20.44660072,1303771610
37.38350889,-122.0791213,19.10230356,1303771611
37.38358835,-122.0793256,24.42052079,1303771612
37.38370467,-122.079518,23.6278056,1303771613
37.38379031,-122.0796557,21.26489303,1303771614
37.38390423,-122.0798894,25.04957627,1303771615
37.38398592,-122.0801301,34.26353737,1303771616
37.38406381,-122.0803169,24.94838379,1303771617
37.38416556,-122.0804325,26.87100029,1303771618
37.38425337,-122.0806243,26.15504978,1303771619
37.38434448,-122.0808023,19.89412192,1303771620
37.3844574,-122.0809281,13.58993033,1303771621
37.38451798,-122.0811561,21.72344007,1303771622
37.38460555,-122.0813565,16.70657243,1303771623
37.38470456,-122.0814744,16.71210084,1303771624
37.38479236,-122.0817175,22.20140737,1303771625
37.38490756,-122.0819103,28.59021254,1303771626
37.38499312,-122.0821127,26.6706786,1303771627
37.38510207,-122.0822195,22.41556918,1303771628
37.38519384,-122.0824115,26.16271628,1303771629
37.38525939,-122.0826387,29.61090379,1303771630
37.38534645,-122.0827287,26.00520977,1303771631
37.38541973,-122.0828728,26.18475372,1303771632
37.38541028,-122.0829755,35.43216348,1303771633
37.38548884,-122.0831126,37.91394714,1303771634
37.38554705,-122.0832172,43.81476378,1303771635
37.38562196,-122.0832917,39.89229921,1303771636
37.38567961,-122.083333,42.9659309,1303771637
37.38569983,-122.0835025,43.49972771,1303771638
37.38572625,-122.0835765,41.22187138,1303771639
37.38572985,-122.0835937,46.14164221,1303771640
37.3856192,-122.0835283,84.72880597,1303771641
37.38557999,-122.0835382,84.49851145,1303771642
37.38559343,-122.0835194,85.40977678,1303771643
37.38557984,-122.0835578,80.45403554,1303771644
37.3855944,-122.0834817,76.85956623,1303771645
37.38555346,-122.0835746,76.02745912,1303771646
37.38557274,-122.0836086,87.82890189,1303771647
37.38559081,-122.083607,82.41117356,1303771648
37.38560123,-122.083591,75.4890728,1303771649
37.38560909,-122.0835691,73.11822437,1303771650
37.38560787,-122.0835866,72.87328556,1303771651
37.38564453,-122.083579,70.08344711,1303771652
37.38560975,-122.0836412,74.34834959,1303771653
37.38567017,-122.0835229,63.8867469,1303771654
37.38563842,-122.0836163,70.31560771,1303771655
37.38568593,-122.0835395,59.67368359,1303771656
37.38568064,-122.0835813,56.2413171,1303771657
37.38564829,-122.0836131,53.73649845,1303771658
37.38567888,-122.0836296,57.06074772,1303771659
37.38571832,-122.0835939,52.24860404,1303771660
37.38573109,-122.0835411,50.33041726,1303771661
37.38574744,-122.0835946,61.01716509,1303771662
37.38572417,-122.0836649,67.20954147,1303771663
37.38574149,-122.0836723,71.35795451,1303771664
37.38573293,-122.0837076,70.23522143,1303771665
37.38575351,-122.0836173,58.02060261,1303771666
37.38575567,-122.0836025,61.5313673,1303771667
37.38585507,-122.0834321,48.17118727,1303771668
37.38584634,-122.0834414,48.65296331,1303771669
37.38582808,-122.0833843,39.44510696,1303771670
37.38583121,-122.0834017,41.47785437,1303771671
37.3858609,-122.0834055,45.93474665,1303771672
37.38583451,-122.0834675,48.61622787,1303771673
37.38578657,-122.0835575,54.31605998,1303771674
37.38583667,-122.0834218,43.63648522,1303771675
37.38571766,-122.0834204,22.2390486,1303771676
37.38574535,-122.0834655,61.3817666,1303771677
37.38564964,-122.0836375,82.7389201,1303771678
37.38563894,-122.0836032,93.13115886,1303771679
37.38563698,-122.0835859,96.33556781,1303771680
37.38560343,-122.0836197,106.7584691,1303771681
37.38559801,-122.0836785,114.9841195,1303771682
37.38562599,-122.0836314,114.9336468,1303771683
37.38565817,-122.0835594,110.447131,1303771684
37.38563841,-122.0836016,115.0258009,1303771685
37.38557431,-122.0836634,124.7146441,1303771686
37.38556385,-122.0835917,116.5127967,1303771687
37.38551108,-122.0836419,110.6202934,1303771688
37.38555521,-122.0835946,103.5548691,1303771689
37.38563409,-122.0834656,83.84466362,1303771690
37.38561121,-122.0835491,82.88757876,1303771691
37.38561151,-122.0836231,87.07116456,1303771692
37.38567542,-122.0836499,76.43915016,1303771693
37.38594793,-122.0839536,17.55675316,1303771694
37.38600084,-122.0840425,18.62390876,1303771695
37.38597323,-122.0843208,42.47072869,1303771696
37.38615261,-122.0843654,49.16494068,1303771697
37.38622738,-122.0845513,51.09770195,1303771698
37.38642062,-122.0846085,24.28080625,1303771699
37.38634393,-122.0849605,56.06489239,1303771700
37.38644974,-122.0850379,18.5646657,1303771701
37.3864515,-122.0852292,39.41585432,1303771702
37.38662276,-122.0853763,22.49341826,1303771703
37.38672567,-122.0855595,23.62791708,1303771704
37.38676305,-122.0857769,29.69769248,1303771705
37.38692479,-122.0858917,30.60409112,1303771706
37.3869903,-122.0861103,33.84318907,1303771707
37.38707416,-122.0862598,32.66489424,1303771708
37.38713682,-122.0863936,31.1418343,1303771709
37.38721528,-122.0865629,27.12525567,1303771710
37.38728614,-122.0867036,25.41387262,1303771711
37.38733617,-122.0869039,26.0718773,1303771712
37.38743279,-122.0870316,25.18164064,1303771713
37.38745308,-122.0871852,18.53649856,1303771714
37.3875614,-122.0872967,18.46761538,1303771715
37.38758466,-122.08744,14.61525091,1303771716
37.38762212,-122.0876164,20.21488576,1303771717
37.3877498,-122.0876843,27.20701751,1303771718
37.38777748,-122.0877883,27.84370717,1303771719
37.38782389,-122.087845,24.95339528,1303771720
37.38788067,-122.0878835,22.59341941,1303771721
37.38792172,-122.087891,27.13044651,1303771722
37.38793534,-122.0878822,24.75646259,1303771723
37.38790424,-122.0879254,26.49816211,1303771724
37.38787305,-122.087977,32.55436539,1303771725
37.38787785,-122.0879626,28.21870232,1303771726
37.38785856,-122.0880086,32.77792348,1303771727
37.38785733,-122.0880474,35.34386056,1303771728
37.38787621,-122.088043,31.34590498,1303771729
37.38791831,-122.0879994,36.58451917,1303771730
37.38789743,-122.0880202,31.56963108,1303771731
37.38786372,-122.088037,29.43209458,1303771732
37.38788466,-122.0880756,37.89853677,1303771733
37.38792182,-122.0880189,36.7225758,1303771734
37.38788346,-122.0880403,35.60649689,1303771735
37.38791103,-122.0879956,35.72474041,1303771736
37.38792427,-122.0879829,37.10486082,1303771737
37.38789499,-122.0880298,38.48875951,1303771738
37.38789032,-122.0880541,42.13189133,1303771739
37.38790615,-122.0880417,40.39848467,1303771740
37.38788524,-122.0880564,41.51474353,1303771741
37.38787444,-122.0880286,38.37061425,1303771742
37.38788236,-122.0880655,41.08454431,1303771743
37.38787938,-122.088058,39.38524383,1303771744
37.38788219,-122.0880662,41.67984621,1303771745
37.38788865,-122.0880324,38.64059871,1303771746
37.38787008,-122.0880716,39.98303576,1303771747
37.38788239,-122.0880721,40.42925189,1303771748
37.38776275,-122.0880651,21.77182116,1303771749
37.38791166,-122.0880275,42.40179206,1303771750
37.38789513,-122.0880479,44.65111304,1303771751
37.38784989,-122.0880252,36.61708446,1303771752
37.38787944,-122.088018,36.68611256,1303771753
37.38791295,-122.087981,39.84426854,1303771754
37.3879469,-122.0879445,40.65285615,1303771755
37.38788855,-122.0879911,33.24666654,1303771756
37.38790519,-122.087977,35.2813769,1303771757
37.38794866,-122.0879038,29.5510786,1303771758
37.38787791,-122.0878966,17.03903764,1303771759
37.38782762,-122.0880089,24.51680195,1303771760
37.38784792,-122.0879878,26.53845471,1303771761
37.38794442,-122.0879992,43.57287675,1303771762
37.3879586,-122.0879716,41.09146799,1303771763
37.38797012,-122.08797,39.78773077,1303771764
37.38785402,-122.0879728,19.56095156,1303771765
37.38789192,-122.0879275,16.37653946,1303771766
37.38786364,-122.087983,17.16389634,1303771767
37.38786459,-122.0879701,18.93997917,1303771768
37.38785911,-122.0879912,18.29670058,1303771769
37.38785043,-122.0880028,17.18644676,1303771770
37.38786374,-122.0880025,17.71377816,1303771771
37.38787828,-122.0880295,26.71412755,1303771772
37.38785513,-122.0879807,16.82829535,1303771773
37.38785292,-122.087948,11.94841291,1303771774
37.38800127,-122.0879098,35.39520679,1303771775
37.38797153,-122.0879295,34.87131949,1303771776
37.38794763,-122.0878893,28.55356751,1303771777
37.38793817,-122.0879114,26.70717524,1303771778
37.38797496,-122.0878677,23.93212289,1303771779
37.38795123,-122.0879139,29.49033397,1303771780
37.38795736,-122.087967,33.14647227,1303771781
37.38796696,-122.0879584,34.72151994,1303771782
37.38796036,-122.0880076,38.85769405,1303771783
37.38796648,-122.0880188,38.76857334,1303771784
37.38798289,-122.0879502,34.72318093,1303771785
37.38799388,-122.0879408,35.55153235,1303771786
37.38795104,-122.0880445,46.89292275,1303771787
37.38801098,-122.0879699,46.47453369,1303771788
37.38799154,-122.088006,50.96308127,1303771789
37.38798756,-122.0880084,51.37856817,1303771790
37.38796595,-122.0880595,56.56497544,1303771791
37.38793312,-122.0881259,57.88349187,1303771792
37.38792659,-122.0881159,52.45794506,1303771793
37.38795739,-122.0880252,45.5573819,1303771794
37.387917,-122.0880699,48.65016288,1303771795
37.38791504,-122.0880712,49.3612256,1303771796
37.3879169,-122.0881119,54.2375468,1303771797
37.38790708,-122.0880412,41.51897611,1303771798
37.38791263,-122.0880599,41.32838771,1303771799
37.38787779,-122.0881192,48.57003962,1303771800
37.38782042,-122.0881599,46.77804864,1303771801
37.38780995,-122.0881986,51.77483657,1303771802
37.38781021,-122.0881992,48.87118039,1303771803
37.38786251,-122.0881121,43.29217649,1303771804
37.38791883,-122.0880109,32.94514541,1303771805
37.38794202,-122.0880011,26.67105767,1303771806
37.38798375,-122.0880205,22.94429398,1303771807
37.38798634,-122.0881383,22.83071545,1303771808
37.38805281,-122.0882648,25.53349936,1303771809
37.38812459,-122.0883837,24.74390341,1303771810
37.38817224,-122.0884979,19.80246857,1303771811
37.38825971,-122.0886397,20.83432275,1303771812
37.38831478,-122.0888429,23.56906733,1303771813
37.38842005,-122.0889844,24.23161365,1303771814
37.38854054,-122.089122,22.03128583,1303771815
37.38859975,-122.0893164,22.5550583,1303771816
37.3886809,-122.0895129,22.88983263,1303771817
37.38876397,-122.0896902,23.05648598,1303771818
37.38884122,-122.089869,25.19859888,1303771819
37.38891699,-122.090023,22.27826983,1303771820
37.38901476,-122.0901956,24.61205918,1303771821
37.38909745,-122.0903952,23.53591371,1303771822
37.38919189,-122.0905391,21.8228571,1303771823
37.38927293,-122.0906773,21.49022405,1303771824
37.38934295,-122.0908543,22.03299995,1303771825
37.38940384,-122.0910225,20.07545633,1303771826
37.3894697,-122.0911711,19.87212089,1303771827
37.38955043,-122.0913596,18.09781376,1303771828
37.38962922,-122.0914755,21.50977821,1303771829
37.38972669,-122.0916246,22.43922626,1303771830
37.38981103,-122.0918251,26.70433043,1303771831
37.38989514,-122.0920126,18.73615313,1303771832
37.38995895,-122.0922054,12.90185596,1303771833
37.39007392,-122.0923782,22.79214565,1303771834
37.39016473,-122.0924812,21.11958216,1303771835
37.39025896,-122.0926476,23.48263952,1303771836
37.39033759,-122.0927942,31.20941968,1303771837
37.39041054,-122.0929381,34.31524198,1303771838
37.39047813,-122.0931443,41.81912575,1303771839
37.39056019,-122.0933204,43.42848243,1303771840
37.39063253,-122.0933611,39.1524762,1303771841
37.39069559,-122.0935992,35.29577308,1303771842
37.39061765,-122.0939784,77.16763322,1303771843
37.39067757,-122.0941535,80.99009196,1303771844
37.39089564,-122.0940107,54.77959966,1303771845
37.39098592,-122.0940926,47.79363933,1303771846
37.39111851,-122.0942039,41.31874889,1303771847
37.39131179,-122.0942547,27.14628356,1303771848
37.3913603,-122.0943388,20.36748955,1303771849
37.39141484,-122.0944683,18.20242347,1303771850
37.39148629,-122.0946057,26.29100351,1303771851
37.39156274,-122.0946853,21.54357871,1303771852
37.39161708,-122.0947398,16.48763347,1303771853
37.39168146,-122.0948253,21.53921138,1303771854
37.39173372,-122.0949072,23.34671771,1303771855
37.39186925,-122.0949571,33.03525509,1303771856
37.39189373,-122.0949404,22.20645594,1303771857
37.39191055,-122.0948669,16.5135565,1303771858
37.39192812,-122.0949817,27.3482754,1303771859
37.39193975,-122.0949911,27.31556584,1303771860
37.39194449,-122.094869,4.579178071,1303771861
37.39196532,-122.0948523,-2.700968713,1303771862
37.39194449,-122.0947924,-0.729577242,1303771863
37.39193959,-122.094771,-0.496215695,1303771864
37.39192621,-122.0947834,1.268665338,1303771865
37.39186774,-122.0950061,29.14360641,1303771866
37.39178173,-122.0946808,-35.93775525,1303771867
37.39175915,-122.0946642,-38.51030705,1303771868
37.39176737,-122.0946392,-45.34482168,1303771869
37.39174604,-122.0945653,-53.88326538,1303771870
37.39186183,-122.0949679,25.6978272,1303771871
37.39185465,-122.0949853,27.16561025,1303771872
37.3918658,-122.0950002,26.46628189,1303771873
37.39185774,-122.0949635,18.00754242,1303771874
37.39187402,-122.0949901,25.09092056,1303771875
37.39186723,-122.095004,27.80143332,1303771876
37.39183251,-122.0949918,20.42225607,1303771877
37.39189418,-122.0950155,29.16381702,1303771878
37.39192442,-122.0950146,27.45953236,1303771879
37.39197229,-122.0950589,27.76000427,1303771880
37.39201115,-122.0951511,27.24471877,1303771881
37.39200145,-122.0952085,11.83491533,1303771882
37.39213896,-122.0952716,23.11517356,1303771883
37.3921783,-122.095331,12.38971064,1303771884
37.39227378,-122.0954226,11.29166466,1303771885
37.3923879,-122.0954838,10.39602749,1303771886
37.39247609,-122.0956324,11.79182788,1303771887
37.39260441,-122.0957281,14.17812141,1303771888
37.39268583,-122.0958165,14.8088628,1303771889
37.39281942,-122.0958981,18.55041528,1303771890
37.3929359,-122.0960198,20.68691431,1303771891
37.39299404,-122.0961893,19.81856642,1303771892
37.39311032,-122.09629,14.66555614,1303771893
37.39320289,-122.0964239,19.6958208,1303771894
37.39331691,-122.0965517,23.76600607,1303771895
37.39343033,-122.0966462,19.80050136,1303771896
37.39352154,-122.0967726,21.52126494,1303771897
37.39362801,-122.0969677,14.57417887,1303771898
37.39370758,-122.0971246,21.78452294,1303771899
37.39376724,-122.0972374,18.03673692,1303771900
37.39390291,-122.0973941,13.86308565,1303771901
37.39397574,-122.097581,17.44243367,1303771902
37.39405706,-122.0977539,19.44868874,1303771903
37.3941526,-122.0978986,19.91300883,1303771904
37.39422175,-122.0980891,19.24607663,1303771905
37.39427787,-122.098277,22.67760723,1303771906
37.3943566,-122.0984078,18.28065598,1303771907
37.39443272,-122.0986206,21.24559199,1303771908
37.39451884,-122.0988015,23.24394415,1303771909
37.39460045,-122.0989752,25.60100149,1303771910
37.39468127,-122.0992203,34.7728067,1303771911
37.39480465,-122.0993859,32.78082196,1303771912
37.39488855,-122.0995338,26.39071963,1303771913
37.39481635,-122.1000692,62.21423596,1303771914
37.39500837,-122.0999623,32.06475283,1303771915
37.39515062,-122.1000933,30.33977377,1303771916
37.39511489,-122.1002916,14.37905799,1303771917
37.39517516,-122.1004693,12.78016137,1303771918
37.39533537,-122.1006074,22.06895565,1303771919
37.39536403,-122.1007872,20.37412679,1303771920
37.39541372,-122.1009498,22.33216123,1303771921
37.39552457,-122.1011052,17.2809548,1303771922
37.39556136,-122.101249,20.61272419,1303771923
37.39560174,-122.1013623,21.52082262,1303771924
37.39561813,-122.101444,18.45303548,1303771925
37.39566582,-122.1015339,17.81270194,1303771926
37.39572255,-122.1015522,21.75655103,1303771927
37.39575265,-122.1016111,26.2643026,1303771928
37.39576264,-122.1016079,25.34094107,1303771929
37.39579227,-122.1015926,22.0621024,1303771930
37.39574301,-122.1016345,22.97018244,1303771931
37.39575887,-122.1016295,25.87069783,1303771932
37.3957737,-122.1016388,32.5251687,1303771933
37.39574685,-122.1016333,21.62632865,1303771934
37.39586079,-122.1015797,28.90304094,1303771935
37.39586128,-122.1015472,26.50178379,1303771936
37.39561818,-122.1015958,-6.975359023,1303771937
37.39582648,-122.1015134,23.31405897,1303771938
37.39583936,-122.1014767,18.60639969,1303771939
37.3957922,-122.1015156,21.18623628,1303771940
37.39580408,-122.1015382,22.90615765,1303771941
37.39577385,-122.1015942,21.8775257,1303771942
37.39581088,-122.1015828,24.90651681,1303771943
37.39578473,-122.1016011,26.47988591,1303771944
37.39580398,-122.1016052,27.2737095,1303771945
37.39576417,-122.1016149,22.1708283,1303771946
37.39577989,-122.1016424,25.47041283,1303771947
37.39578271,-122.1016307,26.32684137,1303771948
37.39579077,-122.1016352,24.26421835,1303771949
37.39578184,-122.1016561,24.88072819,1303771950
37.39577173,-122.1016779,27.08952206,1303771951
37.39576916,-122.1016698,28.3252422,1303771952
37.3957955,-122.1016525,30.14150463,1303771953
37.39577124,-122.1016498,27.7952054,1303771954
37.39578729,-122.1016575,28.11340889,1303771955
37.39575595,-122.1016464,22.33669796,1303771956
37.39577946,-122.1016719,27.63026868,1303771957
37.39579264,-122.1016424,22.93525852,1303771958
37.39578406,-122.1017248,26.13880418,1303771959
37.39582492,-122.1017379,25.75539471,1303771960
37.39584187,-122.1017906,27.764634,1303771961
37.39582706,-122.101904,38.71155783,1303771962
37.39578165,-122.101961,45.74944734,1303771963
37.3957482,-122.1018833,40.03207075,1303771964
37.39574471,-122.1017595,35.68170544,1303771965
37.39567026,-122.1016403,37.19561324,1303771966
37.39560357,-122.1015411,24.82657218,1303771967
37.3954772,-122.1013952,10.45867218,1303771968
37.39541976,-122.1012777,14.15949168,1303771969
37.39530416,-122.1011841,18.88298616,1303771970
37.39525699,-122.100973,18.47003229,1303771971
37.3951587,-122.1008513,16.53582264,1303771972
37.39511835,-122.1006031,9.936487488,1303771973
37.39505983,-122.1003895,11.2354779,1303771974
37.39497229,-122.1002714,19.85131048,1303771975
37.39489808,-122.1000848,14.76809935,1303771976
37.3948317,-122.0999396,14.47677667,1303771977
37.39478605,-122.0997358,12.45558223,1303771978
37.39468328,-122.0996222,15.93265004,1303771979
37.3946609,-122.0994667,22.25165457,1303771980
37.394598,-122.0993388,26.36143909,1303771981
37.39452051,-122.0992315,24.0905773,1303771982
37.39448148,-122.0990883,25.89725678,1303771983
37.39442792,-122.0989465,24.28055219,1303771984
37.39435695,-122.098778,20.43478751,1303771985
37.39429342,-122.0986259,16.05154395,1303771986
37.39421707,-122.0985248,13.7750692,1303771987
37.39415335,-122.0984953,18.09405279,1303771988
37.39412528,-122.0984615,20.88904046,1303771989
37.39407833,-122.0984315,26.31992645,1303771990
37.3941022,-122.0982468,16.32409955,1303771991
37.39402843,-122.0981388,12.87352991,1303771992
37.39397907,-122.0979847,17.34638701,1303771993
37.39387655,-122.0978766,15.41441553,1303771994
37.39384704,-122.09772,9.488731721,1303771995
37.39378612,-122.0975797,15.43793137,1303771996
37.39369315,-122.0974228,14.40153442,1303771997
37.39361248,-122.0973136,12.91519343,1303771998
37.39353108,-122.0971632,13.53556668,1303771999
37.39341359,-122.0970392,9.178437262,1303772000
37.39339494,-122.0968643,1.984213117,1303772001
37.39330444,-122.0969074,20.18823457,1303772002
37.39327424,-122.0966458,6.934050563,1303772003
37.39322885,-122.09668,17.8205822,1303772004
37.39319945,-122.0966521,15.44760135,1303772005
37.39319584,-122.0965818,6.35346193,1303772006
37.39317818,-122.0965191,11.0917616,1303772007
37.39316523,-122.0964728,11.74099751,1303772008
37.39313943,-122.0964939,12.56433872,1303772009
37.39312691,-122.0964362,9.447057169,1303772010
37.39314425,-122.0964166,12.90512229,1303772011
37.3931038,-122.0963391,14.69806608,1303772012
37.39306154,-122.0962639,29.35721185,1303772013
37.39307381,-122.0963378,29.25864618,1303772014
37.39312931,-122.0964409,19.07358497,1303772015
37.39318359,-122.0965473,20.12676084,1303772016
37.39322806,-122.0966872,21.04190019,1303772017
37.39326249,-122.0967151,15.55720112,1303772018
37.3932536,-122.0966988,14.60755778,1303772019
37.39326324,-122.0967304,12.56614453,1303772020
37.39296455,-122.0959797,9.488154129,1303772021
37.39313179,-122.0964038,20.02196703,1303772022
37.39309635,-122.0963533,26.66086936,1303772023
37.39309912,-122.0963589,20.38480114,1303772024
37.39311253,-122.0963833,-1.233616637,1303772025
37.39309955,-122.0963704,2.466320815,1303772026
37.39310581,-122.096497,19.16519355,1303772027
37.39310061,-122.0964473,12.2097662,1303772028
37.39310501,-122.0964396,11.40061518,1303772029
37.39310741,-122.0965072,17.55147363,1303772030
37.39311001,-122.0965044,20.4008695,1303772031
37.3931075,-122.0965912,26.77080886,1303772032
37.39308591,-122.0965362,16.74121811,1303772033
37.39309976,-122.0965463,13.18905307,1303772034
37.39308737,-122.0964912,3.332216232,1303772035
37.39308997,-122.0964655,2.56912144,1303772036
37.39310931,-122.0964424,-4.246972024,1303772037
37.39312214,-122.0964705,3.640628912,1303772038
37.39314039,-122.0965517,15.29210461,1303772039
37.39313414,-122.0965005,0.070605692,1303772040
37.39317974,-122.0966331,11.74212399,1303772041
37.39315668,-122.096584,5.802352027,1303772042
37.39315204,-122.0965293,1.027806964,1303772043
37.39315167,-122.096559,4.626335704,1303772044
37.39313837,-122.0965411,15.05120813,1303772045
37.39314205,-122.0965595,9.538716115,1303772046
37.39311596,-122.0964998,10.52514758,1303772047
37.39306854,-122.0963717,1.639715295,1303772048
37.39300231,-122.0963077,3.17809524,1303772049
37.3929743,-122.0962964,16.94920498,1303772050
37.39286656,-122.0962695,16.79413399,1303772051
37.39277834,-122.0962035,17.22006061,1303772052
37.39270483,-122.0961243,18.3937449,1303772053
37.39260348,-122.0960689,20.4518533,1303772054
37.39250624,-122.0959586,20.36090127,1303772055
37.39238149,-122.0958921,23.56372337,1303772056
37.39227285,-122.0959123,34.16635713,1303772057
37.39223042,-122.0957577,19.83059707,1303772058
37.39215209,-122.0956527,25.26622065,1303772059
37.39207019,-122.0955933,22.70702432,1303772060
37.39196791,-122.0954799,18.78673132,1303772061
37.3918756,-122.0953916,19.82538282,1303772062
37.39178526,-122.0953156,16.69338592,1303772063
37.39167736,-122.0951542,20.00625708,1303772064
37.39155734,-122.0951147,20.13022593,1303772065
37.39148971,-122.0949387,9.874176973,1303772066
37.39140183,-122.0947857,8.057070629,1303772067
37.39132516,-122.0946843,5.201022578,1303772068
37.39126366,-122.0945733,15.83263855,1303772069
37.39122551,-122.0944404,21.92839903,1303772070
37.39102415,-122.0943424,14.83277797,1303772071
37.39092865,-122.0941793,13.1814915,1303772072
37.39083586,-122.0939406,13.93263653,1303772073
37.39073639,-122.0940668,32.68258795,1303772074
37.39064447,-122.0939861,38.94933319,1303772075
37.39054722,-122.0937071,29.01700656,1303772076
37.39050574,-122.0935828,31.973659,1303772077
37.39036025,-122.0934601,25.97919318,1303772078
37.39030448,-122.0932653,31.76932546,1303772079
37.39022269,-122.09309,29.17451756,1303772080
37.39017802,-122.0929832,31.04702311,1303772081
37.39011999,-122.0928002,37.9549806,1303772082
37.39002039,-122.0926044,22.92822773,1303772083
37.38991347,-122.0924178,17.79026318,1303772084
37.38981479,-122.0923421,23.95080135,1303772085
37.3897835,-122.0921315,23.34835345,1303772086
37.3896608,-122.0920716,37.76967303,1303772087
37.38955741,-122.0918785,28.30239972,1303772088
37.38947709,-122.0916656,29.21029066,1303772089
37.38945966,-122.0915046,36.01363051,1303772090
37.38935559,-122.0913009,20.84171305,1303772091
37.38928906,-122.0911011,22.81898395,1303772092
37.38921312,-122.0909892,32.0619923,1303772093
37.38911026,-122.0908038,27.20198418,1303772094
37.38903241,-122.0906031,15.22366114,1303772095
37.38894797,-122.090433,12.4575238,1303772096
37.38886028,-122.0902632,14.78790147,1303772097
37.38879063,-122.0900808,14.2376958,1303772098
37.38869033,-122.0899598,17.1458639,1303772099
37.38861555,-122.0898196,22.87685331,1303772100
37.38852494,-122.0896402,20.33782791,1303772101
37.38842974,-122.0894631,18.51473127,1303772102
37.38833785,-122.0893348,28.81951444,1303772103
37.3882433,-122.0891435,31.91705614,1303772104
37.38815997,-122.0889543,28.63451497,1303772105
37.3880898,-122.088827,20.49252183,1303772106
37.3880006,-122.0886609,22.33567273,1303772107
37.38788613,-122.0884822,19.7747316,1303772108
37.38783204,-122.088318,23.73724311,1303772109
37.38774761,-122.0881715,21.3250148,1303772110
37.38767203,-122.08797,19.02840705,1303772111
37.38761122,-122.0877767,20.5855943,1303772112
37.38750301,-122.0876015,26.88347429,1303772113
37.38740458,-122.0874609,14.60130777,1303772114
37.38729389,-122.0873531,17.69234768,1303772115
37.38720623,-122.0872069,11.57991197,1303772116
37.38719487,-122.0870113,24.54894123,1303772117
37.38713939,-122.0867651,25.10390925,1303772118
37.38705609,-122.0866201,20.07281721,1303772119
37.38692717,-122.0864457,13.41134447,1303772120
37.38689468,-122.0863423,23.26852663,1303772121
37.38682702,-122.0861943,27.86000248,1303772122
37.38674246,-122.0860503,24.21375174,1303772123
37.38663664,-122.0859813,33.71914563,1303772124
37.38661382,-122.0858541,34.35627632,1303772125
37.3865784,-122.085493,5.361859708,1303772126
37.38640125,-122.085534,19.38113862,1303772127
37.38636891,-122.0853724,24.72681208,1303772128
37.3863068,-122.0852696,27.32192079,1303772129
37.38624843,-122.0851288,15.20303625,1303772130
37.3862097,-122.0850615,27.94844599,1303772131
37.38610004,-122.0848986,38.3559689,1303772132
37.38606067,-122.0847907,37.97123459,1303772133
37.38602688,-122.0846963,36.35315927,1303772134
37.38594739,-122.0846265,46.98002721,1303772135
37.38592954,-122.0844912,34.06758824,1303772136
37.3859156,-122.084393,29.21510125,1303772137
37.38590027,-122.0842501,38.21392484,1303772138
37.38576633,-122.0842259,29.10586931,1303772139
37.38579221,-122.0839609,15.64655508,1303772140
37.38564715,-122.0839047,17.72790953,1303772141
37.38558831,-122.0838143,21.94189859,1303772142
37.38552999,-122.0836214,24.744007,1303772143
37.38549729,-122.0834986,31.47427547,1303772144
37.38542798,-122.0833698,32.0454078,1303772145
37.38534075,-122.08332,28.13862156,1303772146
37.38530557,-122.0831708,28.82054083,1303772147
37.38528072,-122.0830477,16.5867948,1303772148
37.38524299,-122.0828883,11.9919739,1303772149
37.38516137,-122.0827612,18.86758937,1303772150
37.38511271,-122.0826454,18.69918361,1303772151
37.38506369,-122.0825349,21.0668875,1303772152
37.38498194,-122.0824156,25.52079702,1303772153
37.38487308,-122.0822396,13.26765764,1303772154
37.38479317,-122.082095,15.0749729,1303772155
37.38471748,-122.0819113,18.62755993,1303772156
37.38463793,-122.0817578,15.60497056,1303772157
37.38457931,-122.0816248,22.63876929,1303772158
37.38450196,-122.0814438,19.97644031,1303772159
37.38442973,-122.0812717,19.38642309,1303772160
37.38434216,-122.0811254,22.44661188,1303772161
37.38420168,-122.0810335,24.39835933,1303772162
37.38413327,-122.080863,27.47336982,1303772163
37.3840641,-122.0806873,27.5899176,1303772164
37.38397756,-122.0805255,23.47030067,1303772165
37.38390201,-122.0802849,25.00905047,1303772166
37.38382409,-122.0801992,28.56453288,1303772167
37.38374058,-122.0801161,33.93295037,1303772168
37.38364568,-122.0799638,23.84313188,1303772169
37.38355357,-122.0798573,20.26288728,1303772170
37.38357831,-122.0796589,26.86686017,1303772171
37.38358709,-122.0794238,16.06807124,1303772172
37.38347485,-122.0793259,27.34196301,1303772173
37.38337741,-122.0793011,30.83626267,1303772174
37.3832987,-122.0790882,23.20577366,1303772175
37.38327954,-122.0791145,32.32306508,1303772176
37.38322565,-122.0789998,31.05089257,1303772177
37.38318446,-122.078859,31.502142,1303772178
37.38308667,-122.0786377,24.16050704,1303772179
37.38303849,-122.0785011,19.3890809,1303772180
37.38297305,-122.0783911,19.45932361,1303772181
37.3829767,-122.0782923,27.06686765,1303772182
37.38295838,-122.0781862,28.67808497,1303772183
37.38292976,-122.0781046,21.82582866,1303772184
37.38290622,-122.0780525,23.42337275,1303772185
37.38285815,-122.0779891,26.16181257,1303772186
37.38283589,-122.0780245,28.21135883,1303772187
37.38286094,-122.0779122,37.34731264,1303772188
37.38286723,-122.0778574,30.64834603,1303772189
37.38279774,-122.0779188,28.01064874,1303772190
37.38280255,-122.0779022,22.01290651,1303772191
37.38280112,-122.0778504,23.37617803,1303772192
37.38278359,-122.0779102,26.72715645,1303772193
37.38280565,-122.0779275,36.32936535,1303772194
37.38279001,-122.0779536,37.19296685,1303772195
37.38276093,-122.077924,37.02610599,1303772196
37.38277183,-122.0779173,36.5795778,1303772197
37.38277742,-122.0779031,33.48905977,1303772198
37.3827919,-122.0778953,36.37724762,1303772199
37.38276783,-122.0779294,42.1157894,1303772200
37.38278925,-122.0778802,34.58956211,1303772201
37.38278181,-122.0778906,35.61134264,1303772202
37.38278033,-122.0779164,42.0198506,1303772203
37.38280063,-122.0779281,40.19781685,1303772204
37.38277546,-122.077947,39.39990395,1303772205
37.382771,-122.0779206,39.55822545,1303772206
37.38275745,-122.0779176,32.85300775,1303772207
37.38275832,-122.0779467,33.02081659,1303772208
37.38274854,-122.0779948,37.74908129,1303772209
37.38272342,-122.0780027,31.80792107,1303772210
37.38272752,-122.0780289,36.86713428,1303772211
37.38272252,-122.0780231,32.76740849,1303772212
37.38273694,-122.0779355,22.90785608,1303772213
37.3827372,-122.0779543,23.04168028,1303772214
37.38272917,-122.0780034,30.45751811,1303772215
37.38277546,-122.0778897,19.01615733,1303772216
37.38274718,-122.078039,38.6695738,1303772217
37.38278246,-122.0779031,37.21418598,1303772218
37.38275791,-122.0778855,29.92726487,1303772219
37.38273383,-122.0778241,27.41413321,1303772220
37.38274164,-122.0777396,27.21113296,1303772221
37.38274199,-122.077616,25.93722079,1303772222
37.38278045,-122.0775405,19.08954409,1303772223
37.38280559,-122.0774582,19.75905265,1303772224
37.38290073,-122.0772796,17.17964237,1303772225
37.38301478,-122.0772583,21.43097758,1303772226
37.38312495,-122.0772579,20.49323128,1303772227
37.38317972,-122.0771037,7.899575432,1303772228
37.38333339,-122.0771408,29.70877476,1303772229
37.38336986,-122.0770952,34.07621699,1303772230
37.38353265,-122.0770455,41.48911325,1303772231
37.38352918,-122.0769375,24.93003185,1303772232
37.38360444,-122.0768475,28.57950879,1303772233
37.38356374,-122.0766433,-7.196949054,1303772234
37.38368579,-122.0766124,2.372361055,1303772235
37.38386359,-122.0765892,14.02113922,1303772236
37.38396003,-122.0765696,18.31578723,1303772237
37.38408954,-122.0765376,14.5016983,1303772238
37.38412354,-122.0764031,16.50892609,1303772239
37.384218,-122.0763526,26.33624622,1303772240
37.38431882,-122.0761843,9.309352894,1303772241
37.38438142,-122.0761537,9.24638521,1303772242
37.3844751,-122.0760777,16.74263986,1303772243
37.38455693,-122.0760249,18.19985725,1303772244
37.38465364,-122.0759702,16.68834727,1303772245
37.38473879,-122.0759241,18.87937724,1303772246
37.38481462,-122.0759904,25.15571433,1303772247
37.38486273,-122.0758797,18.12978329,1303772248
37.38492242,-122.0757839,9.268257142,1303772249
37.38493554,-122.0757433,2.705517481,1303772250
37.38496441,-122.0757004,6.85379415,1303772251
37.3849924,-122.0757191,5.88993772,1303772252
37.38503171,-122.0756983,11.59697582,1303772253
37.38503419,-122.0757455,14.58610007,1303772254
37.3850583,-122.0757751,2.415511547,1303772255
37.3850174,-122.0757718,10.20643715,1303772256
37.38501008,-122.0757636,10.81521278,1303772257
37.38504509,-122.0758144,-7.017859678,1303772258
37.38505269,-122.0758002,-4.412740838,1303772259
37.38504725,-122.0757553,4.897232643,1303772260
37.38506681,-122.0757537,17.33150523,1303772261
37.38509233,-122.0758109,18.55941271,1303772262
37.38517304,-122.075837,24.65579221,1303772263
37.38522457,-122.0759042,22.89829313,1303772264
37.38524698,-122.0760268,29.73521298,1303772265
37.38531615,-122.0761036,31.35974798,1303772266
37.38535419,-122.0762503,35.75987613,1303772267
37.38540796,-122.0763432,35.95094942,1303772268
37.38545311,-122.0764389,31.66832773,1303772269
37.38546816,-122.0764663,25.6030609,1303772270
37.38551631,-122.0765626,28.64479695,1303772271
37.38555416,-122.0765882,25.6632506,1303772272
37.38559194,-122.076644,25.75925781,1303772273
37.38563064,-122.0767155,24.5739596,1303772274
37.38565491,-122.0768207,25.16705108,1303772275
37.38566698,-122.0768602,27.52722347,1303772276
37.3856116,-122.0768733,25.63271205,1303772277
37.38552252,-122.076946,23.18808463,1303772278
37.38547824,-122.07703,25.28108114,1303772279
37.3854166,-122.0770826,24.37670487,1303772280
37.38531366,-122.0771954,25.53042122,1303772281
37.38520258,-122.0772608,27.25255456,1303772282
37.38511047,-122.077363,25.88129821,1303772283
37.38498818,-122.0774282,20.66530079,1303772284
37.38492584,-122.0774692,20.5406639,1303772285
37.38479495,-122.0775323,20.110115,1303772286
37.38469583,-122.077634,28.78733259,1303772287
37.38463067,-122.077609,25.29298988,1303772288
37.38450618,-122.0776424,25.35615346,1303772289
37.38445381,-122.0777527,27.13040653,1303772290
37.38433924,-122.0778122,28.13078158,1303772291
37.38424068,-122.0778637,29.32848288,1303772292
37.38415327,-122.0779749,23.85217508,1303772293
37.38403215,-122.0780851,23.84902995,1303772294
37.38390549,-122.0781292,23.85697269,1303772295
37.38382671,-122.0781621,23.02345067,1303772296
37.38373533,-122.0782258,22.49255397,1303772297
37.38367518,-122.0782844,32.33044129,1303772298
37.38361121,-122.0783656,28.87772831,1303772299
37.38349511,-122.0784261,32.93804,1303772300
37.3834382,-122.0785211,31.27859837,1303772301
37.38340156,-122.0784958,20.44242219,1303772302
37.38335939,-122.0786086,30.80130382,1303772303
37.38332251,-122.0786593,26.66920273,1303772304
37.38329336,-122.0786769,29.22918682,1303772305
37.38327432,-122.0787051,27.2747961,1303772306
37.38336699,-122.0787503,31.5718365,1303772307
37.38341622,-122.0788139,26.44603734,1303772308
37.38345604,-122.078932,26.21182439,1303772309
37.38352003,-122.0790694,23.70398587,1303772310
37.38360207,-122.0792675,29.42895854,1303772311
37.38372169,-122.0794467,33.78682571,1303772312
37.38378079,-122.0796594,34.41032453,1303772313
37.38384069,-122.0798668,30.1083082,1303772314
37.38399974,-122.0800091,39.7891175,1303772315
37.38411044,-122.0801631,28.28592999,1303772316
37.38417204,-122.0803949,27.03613534,1303772317
37.38422921,-122.0806559,32.83994766,1303772318
37.3843554,-122.0807963,28.51088395,1303772319
37.38447664,-122.0809789,28.68575827,1303772320
37.38455877,-122.0811942,29.78811731,1303772321
37.38465369,-122.0813965,26.19690903,1303772322
37.38476428,-122.081567,25.42100387,1303772323
37.38485809,-122.0817789,32.27389696,1303772324
37.38493485,-122.0819769,28.22454522,1303772325
37.38502928,-122.0821692,26.42681759,1303772326
37.38509045,-122.0823264,24.81133448,1303772327
37.38513438,-122.0824764,19.14651275,1303772328
37.38526566,-122.0825923,19.59606748,1303772329
37.38534749,-122.082773,22.62407754,1303772330
37.38542321,-122.0829546,28.66454572,1303772331
37.38549637,-122.0830637,28.89604029,1303772332
37.38553347,-122.0832177,21.49939896,1303772333
37.38562813,-122.0833163,29.0532899,1303772334
37.38570719,-122.0833526,35.19899724,1303772335
37.38571922,-122.0834585,37.21230661,1303772336
37.38572738,-122.0835376,38.02997801,1303772337
37.38570874,-122.0836571,48.06981666,1303772338
37.38574245,-122.083574,43.74597185,1303772339
37.38572381,-122.0836084,45.4505996,1303772340
37.38574492,-122.0836696,47.67151256,1303772341
37.38576561,-122.0837073,58.52221836,1303772342
37.38576149,-122.0837254,61.56364773,1303772343
37.38574816,-122.0836997,58.32218305,1303772344
37.38570316,-122.0837656,62.01219835,1303772345
37.3857691,-122.0836462,45.11212683,1303772346
37.3857944,-122.0836067,38.59073221,1303772347
37.38581655,-122.0836204,39.78465327,1303772348
37.38579499,-122.083656,42.69403262,1303772349
37.38576784,-122.0836248,41.69987621,1303772350
37.38578722,-122.0836273,40.21875533,1303772351
37.38577704,-122.0836323,40.42116588,1303772352
37.38584823,-122.0834741,14.40439172,1303772353
37.38580761,-122.0835134,22.32724718,1303772354
37.38572753,-122.0836605,42.55891024,1303772355
37.38577903,-122.0835745,38.68842875,1303772356
37.38574846,-122.0836189,27.89473301,1303772357
37.38575056,-122.0836364,30.3080994,1303772358
37.38575673,-122.0836186,23.75096699,1303772359
37.38578332,-122.0836122,25.81330396,1303772360
37.38579694,-122.0836522,29.06031828,1303772361
37.38580971,-122.0836685,34.11244136,1303772362
37.38575945,-122.0837015,29.75249053,1303772363
37.38575849,-122.0836903,31.29066977,1303772364
37.38572727,-122.083704,30.96846889,1303772365
37.38576612,-122.083582,19.53118997,1303772366
37.38577833,-122.0835338,9.735411688,1303772367
37.38580851,-122.0835239,6.819410273,1303772368
37.3857603,-122.0835953,15.95249069,1303772369
37.38577213,-122.0836128,16.93790181,1303772370
37.38578116,-122.0836716,25.85113084,1303772371
37.38579509,-122.0836902,30.32431041,1303772372
37.38581945,-122.0837788,29.5805082,1303772373
37.38583511,-122.0838655,26.27813463,1303772374
37.38590412,-122.0839715,24.89382174,1303772375
37.38593779,-122.0840955,26.86277847,1303772376
37.38601895,-122.0842553,30.58826153,1303772377
37.38607294,-122.0844648,39.72705635,1303772378
37.38612147,-122.0846706,46.84769212,1303772379
37.38628909,-122.084699,32.30373769,1303772380
37.38625062,-122.0851308,60.02120544,1303772381
37.38645074,-122.0850877,39.73479526,1303772382
37.3865105,-122.0852698,33.1843311,1303772383
37.38665586,-122.0854555,30.14464057,1303772384
37.38675862,-122.0857092,29.88077118,1303772385
37.38688912,-122.0857777,24.16540379,1303772386
37.38695917,-122.0860377,33.58344954,1303772387
37.38704351,-122.0862191,29.63606115,1303772388
37.3871115,-122.0864222,31.57403647,1303772389
37.38721977,-122.0865649,24.46349685,1303772390
37.38730918,-122.0867377,32.96126716,1303772391
37.38737273,-122.0868798,26.00035368,1303772392
37.38746218,-122.0870674,26.88644329,1303772393
37.38775019,-122.0871538,66.0450218,1303772394
37.38757617,-122.087401,20.46251051,1303772395
37.3876201,-122.0875071,20.65161312,1303772396
37.38758327,-122.0877121,21.63093428,1303772397
37.38775869,-122.0876493,22.97340495,1303772398
37.3877874,-122.0877528,26.32284708,1303772399
37.38779974,-122.0877724,21.282594,1303772400
37.38781092,-122.0877931,23.81389064,1303772401
37.38781716,-122.0878583,26.35045944,1303772402
37.38781801,-122.0878819,20.77538899,1303772403
37.38781151,-122.0878694,22.45301574,1303772404
37.38784094,-122.0878464,17.24565429,1303772405
37.38783925,-122.0878847,14.08173531,1303772406
37.38780016,-122.0878392,16.60354903,1303772407
37.38776561,-122.0878312,21.59671742,1303772408
37.38780207,-122.0878801,16.91795223,1303772409
37.38785063,-122.087898,16.71501621,1303772410
37.38783713,-122.0878433,19.91103291,1303772411
37.38784437,-122.0879085,28.81132188,1303772412
37.38786327,-122.0879307,27.34139881,1303772413
37.38785572,-122.0879163,19.95308585,1303772414
37.3878428,-122.0878762,20.07530202,1303772415
37.38783228,-122.0878526,32.32970222,1303772416
37.38780414,-122.0878108,33.84892574,1303772417
37.387806,-122.0877763,39.362975,1303772418
37.38779399,-122.0878467,45.64217658,1303772419
37.38782426,-122.0877529,37.38940741,1303772420
37.38782096,-122.0878085,37.62648288,1303772421
37.38778224,-122.087818,28.00174905,1303772422
37.38778394,-122.0877304,22.64798275,1303772423
37.38777764,-122.0877093,26.61231499,1303772424
37.38774778,-122.0876825,22.94172459,1303772425
37.38784641,-122.0878654,16.71254691,1303772426
37.38778051,-122.0877667,22.76789769,1303772427
37.38779309,-122.0877501,21.33973718,1303772428
37.38779108,-122.087729,19.1781119,1303772429
37.38779712,-122.0877044,18.53698137,1303772430
37.38778358,-122.0877207,17.24396025,1303772431
37.38780143,-122.0877526,20.49983907,1303772432
37.38783128,-122.0878426,19.07210741,1303772433
37.38784733,-122.0878666,17.10700843,1303772434
37.38787738,-122.0878971,21.64886395,1303772435
37.38792451,-122.0879392,28.37979968,1303772436
37.38798654,-122.0880245,26.67967831,1303772437
37.38799736,-122.0881692,22.91691731,1303772438
37.38804599,-122.0882782,22.50933921,1303772439
37.38808335,-122.0884046,24.82705561,1303772440
37.38815575,-122.0885197,17.67295983,1303772441
37.38821204,-122.0886727,19.1780388,1303772442
37.38830839,-122.0888209,18.21935931,1303772443
37.38837701,-122.0889845,21.59024495,1303772444
37.38846499,-122.0891468,19.40846628,1303772445
37.38854027,-122.0893005,19.87574953,1303772446
37.38863369,-122.0894282,15.3919245,1303772447
37.38868074,-122.0896017,16.31863054,1303772448
37.38880003,-122.0897145,17.43618042,1303772449
37.38884822,-122.0898908,20.50176099,1303772450
37.38892062,-122.0900249,20.77588209,1303772451
37.38896576,-122.0901985,15.64596458,1303772452
37.38904172,-122.090376,15.68484484,1303772453
37.38917187,-122.090492,20.55873357,1303772454
37.38924133,-122.0906509,22.35000156,1303772455
37.3892834,-122.0907926,18.22364095,1303772456
37.38936731,-122.0909743,20.24690125,1303772457
37.3894672,-122.0911045,16.52221159,1303772458
37.38953367,-122.0912812,20.61121726,1303772459
37.3896028,-122.0914742,22.96954012,1303772460
37.38974946,-122.0916269,23.55826889,1303772461
37.38980094,-122.0918079,25.8408924,1303772462
37.38987387,-122.0920024,24.98566108,1303772463
37.38997992,-122.0921313,26.07396806,1303772464
37.39005658,-122.0923414,27.14769699,1303772465
37.39013327,-122.0924427,34.27060025,1303772466
37.39022461,-122.0925826,31.62202148,1303772467
37.39030807,-122.0927556,32.4718181,1303772468
37.39043415,-122.0928961,33.63528459,1303772469
37.39046622,-122.0930265,26.91063637,1303772470
37.39052602,-122.0931971,29.43940981,1303772471
37.3905692,-122.0934031,33.89041266,1303772472
37.39068232,-122.0934849,34.78639295,1303772473
37.39082194,-122.0936893,28.54396317,1303772474
37.3909557,-122.0938626,32.64494737,1303772475
37.39106312,-122.0939333,31.0918989,1303772476
37.39112884,-122.0940761,32.90818536,1303772477
37.39119066,-122.0941706,27.32796937,1303772478
37.39124065,-122.0943093,25.62875083,1303772479
37.3913798,-122.0943688,14.60520549,1303772480
37.39147078,-122.0944875,13.88410387,1303772481
37.39156381,-122.0946797,21.22258007,1303772482
37.39165184,-122.0948056,21.11328452,1303772483
37.39176341,-122.0948893,22.17489767,1303772484
37.39187599,-122.095002,20.38496319,1303772485
37.39197533,-122.0951399,21.6566786,1303772486
37.3920369,-122.0952697,12.82394486,1303772487
37.39218102,-122.0953781,17.49424135,1303772488
37.39231712,-122.095509,23.97533167,1303772489
37.39241254,-122.0956017,15.11530825,1303772490
37.39255307,-122.0957441,17.22750273,1303772491
37.39265817,-122.0958563,9.260294179,1303772492
37.39283193,-122.0959787,21.0413621,1303772493
37.39295327,-122.0961232,18.31002286,1303772494
37.39306852,-122.0962698,19.21387204,1303772495
37.39321,-122.0964056,19.7325731,1303772496
37.39330554,-122.0965382,19.05255045,1303772497
37.39340973,-122.0966671,15.42501789,1303772498
37.39351569,-122.096833,14.901356,1303772499
37.39362672,-122.0969861,17.70891123,1303772500
37.39370893,-122.0971258,15.7482867,1303772501
37.39379028,-122.0973214,13.52502247,1303772502
37.39388546,-122.0975082,16.31795881,1303772503
37.39398619,-122.0976646,14.21062125,1303772504
37.39404075,-122.0978451,6.188498053,1303772505
37.39413304,-122.0980484,13.33023927,1303772506
37.39420562,-122.0982163,14.26356349,1303772507
37.39433051,-122.0983779,21.98805885,1303772508
37.39439685,-122.0985585,24.41417889,1303772509
37.39448422,-122.0987461,18.69300427,1303772510
37.39455107,-122.0989572,17.1678601,1303772511
37.39469102,-122.0990816,29.72420336,1303772512
37.39474549,-122.0993173,34.89519208,1303772513
37.39481985,-122.0995052,30.49557586,1303772514
37.39487422,-122.099774,25.35664038,1303772515
37.39495417,-122.0999562,25.48028151,1303772516
37.3950563,-122.1000758,20.63915525,1303772517
37.39512538,-122.100228,18.99929371,1303772518
37.39518692,-122.1004537,11.80822739,1303772519
37.39526985,-122.1006259,22.12654989,1303772520
37.3953265,-122.1008001,24.03095069,1303772521
37.39540247,-122.1009047,15.48518736,1303772522
37.39549332,-122.1010492,12.66912483,1303772523
37.39554429,-122.1011911,22.02106761,1303772524
37.39558855,-122.1013098,25.39209016,1303772525
37.39558949,-122.1013781,20.90931732,1303772526
37.39562444,-122.1014455,20.16990719,1303772527
37.39566319,-122.1014942,21.6091688,1303772528
37.39564465,-122.1015108,22.30965792,1303772529
37.39562419,-122.1014594,9.268133366,1303772530
37.39563217,-122.1014338,8.400011518,1303772531
37.3956452,-122.1014421,9.658473472,1303772532
37.39563058,-122.1014373,7.95998061,1303772533
37.3956376,-122.1014707,10.87357789,1303772534
37.39564926,-122.1014959,9.05275953,1303772535
37.39566305,-122.1014866,11.70010985,1303772536
37.39567194,-122.1014889,8.0443537,1303772537
37.39564041,-122.1014827,7.318563388,1303772538
37.39564813,-122.1014664,6.893633573,1303772539
37.39565554,-122.1014355,7.650592227,1303772540
37.39563383,-122.1014432,8.235540137,1303772541
37.39562476,-122.1014423,7.844135473,1303772542
37.3956353,-122.1014424,11.95508134,1303772543
37.39564317,-122.1014564,10.84067375,1303772544
37.39563919,-122.1014702,10.54605498,1303772545
37.39566495,-122.1015082,19.52112754,1303772546
37.39565364,-122.1014949,11.734162,1303772547
37.39567292,-122.1014821,15.33475895,1303772548
37.39565309,-122.1014465,12.56652286,1303772549
37.39563335,-122.1014771,23.28486908,1303772550
37.39562383,-122.1014741,24.68473945,1303772551
37.39563277,-122.1014682,19.59856055,1303772552
37.39565257,-122.1015213,29.45449018,1303772553
37.39565762,-122.101505,20.56779892,1303772554
37.3956737,-122.1015331,17.13616697,1303772555
37.39567089,-122.1015705,17.43659777,1303772556
37.39568222,-122.1015695,15.12074024,1303772557
37.39568069,-122.1015511,17.21554326,1303772558
37.3956834,-122.1015345,16.94839755,1303772559
37.39568859,-122.1015502,18.8361457,1303772560
37.39568941,-122.1015484,21.69045659,1303772561
37.39569575,-122.1015329,20.55320445,1303772562
37.39573162,-122.1015811,23.29981162,1303772563
37.39570556,-122.1016185,13.87934539,1303772564
37.39572819,-122.101641,17.47235493,1303772565
37.39572094,-122.1017238,12.95059443,1303772566
37.39580471,-122.1017621,20.3687034,1303772567
37.39580499,-122.101831,25.56735919,1303772568
37.39583079,-122.101887,25.53095213,1303772569
37.39584179,-122.1019467,23.97674899,1303772570
37.39578157,-122.1019969,19.05615771,1303772571
37.39569634,-122.1020703,14.15294229,1303772572
37.39564214,-122.1021177,12.95188908,1303772573
37.39563037,-122.1021776,12.20766187,1303772574
37.39564386,-122.102235,15.79519198,1303772575
37.3956445,-122.1022796,23.76215131,1303772576
37.39562778,-122.1022785,21.72556122,1303772577
37.39567662,-122.1022717,13.50007323,1303772578
37.39571765,-122.1023181,11.95487847,1303772579
37.39576453,-122.1023651,17.64781404,1303772580
37.39582991,-122.1024015,19.6864743,1303772581
37.39584356,-122.1024605,18.7682353,1303772582
37.39587043,-122.1025164,19.07985168,1303772583
37.39588632,-122.1025713,19.6278514,1303772584
37.39589943,-122.1026602,24.77340161,1303772585
37.39597669,-122.102678,23.01377601,1303772586
37.39599078,-122.1027528,22.16732977,1303772587
37.39598478,-122.1028146,20.65057309,1303772588
37.39599142,-122.1028898,27.9087376,1303772589
37.39589095,-122.102988,20.94334884,1303772590
37.39582558,-122.1029945,15.99267301,1303772591
37.39579702,-122.1030015,15.81789839,1303772592
37.39581293,-122.1029939,23.83478169,1303772593
37.39575827,-122.1030364,23.30687227,1303772594
37.39575703,-122.1029471,21.57270947,1303772595
37.39570155,-122.1028106,31.81305288,1303772596
37.39570423,-122.1028315,23.85012687,1303772597
37.39568499,-122.1028169,28.4959121,1303772598
37.39571557,-122.1028252,23.95410217,1303772599
37.39570349,-122.1028401,21.01142638,1303772600
37.39568096,-122.1027616,14.47063223,1303772601
37.39565471,-122.1026803,23.23558948,1303772602
37.39566128,-122.1026894,20.60543148,1303772603
37.39579772,-122.1031101,0.511334881,1303772604
37.39564283,-122.1026917,-1.378052791,1303772605
37.39564936,-122.1027535,-3.95463328,1303772606
37.39566394,-122.1027066,15.69779458,1303772607
37.39566429,-122.1027497,22.96335323,1303772608
37.39581185,-122.1031651,-4.771497626,1303772609
37.39581175,-122.1031175,0.413219841,1303772610
37.39581331,-122.1031427,5.04508694,1303772611
37.39567199,-122.1028131,8.423852867,1303772612
37.39565523,-122.1028525,9.425245695,1303772613
37.39567328,-122.1028673,9.181016423,1303772614
37.39568304,-122.1028498,16.92846462,1303772615
37.39567934,-122.1028188,22.29090162,1303772616
37.39569101,-122.1028273,32.39320186,1303772617
37.39573015,-122.1028217,15.45162404,1303772618
37.3957245,-122.1027983,13.89340237,1303772619
37.39579104,-122.1029243,10.60551334,1303772620
37.39579539,-122.1029495,13.10525291,1303772621
37.39575826,-122.1028233,16.39208639,1303772622
37.39577756,-122.1028996,17.47614184,1303772623
37.39579811,-122.1029001,17.67638896,1303772624
37.39575685,-122.1028241,21.27037618,1303772625
37.39572981,-122.1028514,18.38051455,1303772626
37.39574207,-122.1028335,9.923769366,1303772627
37.3957513,-122.102847,7.353093538,1303772628
37.39580868,-122.1029553,2.343118526,1303772629
37.39580363,-122.102987,6.687153579,1303772630
37.39579859,-122.1029973,-0.48325411,1303772631
37.39576276,-122.1029193,9.258012721,1303772632
37.39578596,-122.1029635,6.100515262,1303772633
37.39576079,-122.102907,15.01072897,1303772634
37.39578038,-122.1029272,12.38465745,1303772635
37.39581896,-122.1029658,11.59944091,1303772636
37.3957777,-122.1028579,14.05506486,1303772637
37.39576268,-122.1028851,12.22174343,1303772638
37.39579027,-122.1028436,1.031646717,1303772639
37.3958004,-122.1027385,6.16948312,1303772640
37.39569289,-122.1027059,23.7174546,1303772641
37.39570193,-122.1026983,18.4345085,1303772642
37.39571503,-122.1027468,16.36714507,1303772643
37.39570027,-122.1027695,25.73231874,1303772644
37.39571299,-122.1027678,14.28799102,1303772645
37.39571355,-122.1028007,16.86707442,1303772646
37.39575793,-122.1028287,17.57022833,1303772647
37.39577056,-122.102873,15.82931981,1303772648
37.39575147,-122.1028381,18.15411482,1303772649
37.39574477,-122.1028521,17.60451944,1303772650
37.39574114,-122.1028502,19.06414259,1303772651
37.39572456,-122.1028487,23.15764508,1303772652
37.39559964,-122.1026311,35.80618143,1303772653
37.39565966,-122.1027055,32.74223448,1303772654
37.39568585,-122.1027317,27.56594781,1303772655
37.39576261,-122.1028913,19.07957084,1303772656
37.39567746,-122.1027566,29.55588671,1303772657
37.39567355,-122.1026623,32.59846518,1303772658
37.39567182,-122.1026995,31.9659248,1303772659
37.39569101,-122.1027851,22.87917661,1303772660
37.39565737,-122.1026994,23.95715093,1303772661
